Case Number,Date,Year,Type,Country,Area,Location,Activity
2021.08.07.b,07-Aug-2021,2021.0,Unprovoked,USA,Florida,"New Smyrna Beach, Volusia County",Surfing
2021..08.07.a,07-Aug-2021,2021.0,Unprovoked,USA,Florida,"Key Largo, Monroe County",Snorkeling
2021.08.02,02-Aug-2021,2021.0,Unprovoked,USA,Maryland,"Ocean City, Worcester County",Swimming
2021.07.30,30-Jul-2021,2021.0,Provoked,USA,Florida,"Ponce Inlet, Volusia County",Fishing
2021.07.27.c,27-Jul-2021,2021.0,Unprovoked,USA,North Carolina,Wrightsville Beach,Standing
2021.07.27.b,27-Jul-2021,2021.0,Unprovoked,USA,Georgia,"Tybee Island, Chatham County",Surfing
2021.07.26,26-Jul-2021,2021.0,Unprovoked,USA,New York,"Jones Beach, Nassau County",Swimming
2021.07.23,21-Jul-2021,2021.0,Unprovoked,USA,California,"Capitola Beach, Santa Cruz County",Surfing
2021.07.15,15-Jul-2021,2021.0,Unprovoked,USA,Florida,"New Smyrna Beach, Volusia County",Boogie boarding
2021.07.10.c,10-Jul-2021,2021.0,Unprovoked,USA,Florida,"Bathtub Beach, Martin County",Playing
2021.07.10.b,10-Jul-2021,2021.0,Unprovoked,USA,Florida,"46 miles off Mayport, Duval County",Spearfishing
2021.07.04,04-Jul-2021,2021.0,Unprovoked,USA,Florida,"Ponce Inlet, Volusia County",Standing
2021.06.30,30-Jun-2021,2021.0,Unprovoked,USA,California,"Catalina Island, Orange County",Canoeing
2021.06.28,28-Jun-2021,2021.0,Unprovoked,USA,Florida,"Block Houe Beach, Brevard County",Surfing
2021.06.27,27-Jun-2021,2021.0,Unprovoked,USA,North Carolina,"Ocean Isle, Brunswick County",Swimming
2021.06.26,26-Jun-2021,2021.0,Unprovoked,USA,California,"Gray Whale Beach Cove State Beach, San Mateo County",Swimming
2021.06.18,18-Jun-2021,2021.0,Unprovoked,USA,Florida,"Bethune Beach, Volusia County",Standing
2021.06.17,17-Jun-2021,2021.0,Unprovoked,USA,Florida,"Grayton Beach State Park,   Walton County",Swimming
2021.06.14.b,14-Jun-2021,2021.0,Unprovoked,USA,Florida,"New Smyrna Beach, Volusia County",Standing
2021.06.14.a,14-Jun-2021,2021.0,Unprovoked,USA,Florida,"New Smyrna Beach, Volusia County",Standing
2021.05.23,23-May-2021,2021.0,Unprovoked,USA,South Carolina,"Burkes Beach, Hilton Head, Beaufort County",Swimming
2021.05.15,15-May-2021,2021.0,Unprovoked,USA,Hawaii,"Kanaha Beach Park, Maui",Kite Foiling
2021.05.06,06-May-2021,2021.0,Unprovoked,USA,Florida,"Daytona Beach Shores, Volusia County",Wading
2021.05.03,03-May-2021,2021.0,Unprovoked,USA,Hawaii,"Marine Corps Base, Oahu",Surfing
2021.04.30,30-Apr-2021,2021.0,Unprovoked,USA,Florida,"New Smyrna Beach, Volusia County",Surfing
2021.04.29,29-Apr-2021,2021.0,Unprovoked,USA,Florida,"Vero Beach, Indian River County",Boggie boarding
2021.04.20,20-Apr-2021,2021.0,Unprovoked,USA,Hawaii,Kukio Bay,Swimming
2021.04.17,17-Apr-2021,2021.0,Provoked,USA,North Carolina,Outer Banks,Tagging sharks
2021.04.03,02-Apr-2021,2021.0,Unprovoked,USA,Florida,"Key Biscayne, Miami-Dade County",Swimming
2021.03.25.a,25-Mar-2021,2021.0,Unprovoked,USA,Florida,"Fort Lauderdale, Broward County",Swimming
2021.03.21,21-Mar-2021,2021.0,Unprovoked,USA,Florida,"Miami Beach, Miami-Dade County",Body surfing
2021.03.18,18-Mar-2021,2021.0,Unprovoked,USA,Florida,"Juno Beach, Palm Beach County",Wading
2021.02.06,06-Feb-2021,2021.0,Unprovoked,USA,Hawaii,"Waiokapua Bay, Kaui",Surfing
2021.02.02.a,02-Feb-2021,2021.0,Watercraft,USA,Maui,Ukumehama ,Kayaking
2021.01.22.b,22-Jan-2021,2021.0,Watercraft,USA,Florida,Off Tampa Bay,Fishing
2021.01.22,22-Jan-2021,2021.0,Unprovoked,USA,Hawaii,Maui,Snorkeling
2021.01.03,03-Jan-2021,2021.0,Unprovoked,USA,Florida,"Cocoa Beach, Brevard  County",Surfing
2021.01.02.b,02-Jan-2021,2021.0,Unprovoked,USA,Florida,"Cocoa Beach, Brevard  County",Surfing
2021.01.02,02-Jan-2021,2021.0,Unprovoked,USA,Hawaii,"Anaehoomalu Bay
Waikoloa, Hawaii County",Swimming
2020.12.30,30-Dec-2020,2020.0,Unprovoked,USA,California,"Coronado, San Diego County",Swimming
2020.12.08,08-Dec-2020,2020.0,Unprovoked,USA,Hawaii,Honolua Bay,Surfing
2020.12.06.b,06-Dec-2020,2020.0,Unprovoked,USA,Oregon,"Seaside Cove, Clatsop County",Surfing
2020.11.26,26-Nov-2020,2020.0,Unprovoked,USA,Hawaii,Maui,Snorkeling
2020.10.31,31-Oct-2020,2020.0,Unprovoked,USA,Florida,Ormond Beach,Swimming
2020.10.29,29-Oct-2020,2020.0,Unprovoked,USA,"Franklin County, Florida",St George Island,Surfing
2020.10.07,07-Oct-2020,2020.0,Unprovoked,USA,Florida,"Miami Beach, Miami-Dade County",Body Surfing
2020.09.20,20-Sep-2020,2020.0,Unprovoked,USA,Florida,"Sombero Key Light, Monroe County",Snorkeling
2020.09.15.b,15-Sep-2020,2020.0,Unprovoked,USA,Florida,"Ponce Inlet, Volusia County",Surfing
2020.09.15.a,15-Sep-2020,2020.0,Unprovoked,USA,Florida,"Melbourne Beach, Brevard County",Surfing
2020.09.06,06-Sep-2020,2020.0,Unprovoked,USA,Hawaii,Puako,Snorkeling
2020.08.30,30-Aug-2020,2020.0,Unprovoked,USA,South Carolina,"Folly Beach, Charleston County",Surfing
2020.08.28,28-Aug-2020,2020.0,Unprovoked,USA,California,"Shelter Cove, Humboldt County",Kayak fishing
2020.08.23,23-Aug-2020,2020.0,Unprovoked,USA,Florida,"New Smyrna Beach, Volusia County",Standing
2020.08.22,22-Aug-2020,2020.0,Unprovoked,USA,Florida,"St. Augustine Beach, Anastasia Island, St. Johns County",Surfing
2020.08.20,20-Aug-2020,2020.0,Unprovoked,USA,Florida,"New Smyrna Beach, Volusia County",Boogie boarding
2020.08.10,10-Aug-2020,2020.0,Provoked,USA,Florida,"Off Gasparilla Island, Charlotte County",Fishing
2020.08.02,02-Aug-2020,2020.0,Unprovoked,USA,Virgin Islands,"Candle Reef, St. Croix",Snorkeling
2020.07.31.c,31-Jul-2020,2020.0,Unprovoked,USA,Florida,"New Smyrna Beach, Volusia County",Surfing
2020.07.31.b,31-Jul-2020,2020.0,Unprovoked,USA,Alabama,"Orange Beach, Baldwin County",Swimming
2020.07.29.b,29-Jul-2020,2020.0,Unprovoked,USA,Florida,Florida Keys,Diving
2020.07.27.a,27-Jul-2020,2020.0,Unprovoked,USA,Maine,"Bailey Island, Cumberland County",Swimming
2020.07.23.b,23-Jul-2020,2020.0,Unprovoked,USA,Bahamas,Spanish Cay,Spearfishing
2020.07.23.a,23-Jul-2020,2020.0,Unprovoked,USA,Florida,"New Smyrna Beach, Volusia County",Standing
2020.07.22,22-Jul-2020,2020.0,Unprovoked,USA,North Carolina,"Neuse River, Craven County",Treading water
2020.07.19,19-Jul-2020,2020.0,Unprovoked,USA,Florida,"Cocoa Beach, Brevard  County",Wading
2020.07.14,14-Jul-2020,2020.0,Unprovoked,USA,Florida,"Melbourne Beach, Brevard County",Wading
2020.07.10,10-Jul-202,2020.0,Unprovoked,USA,Florida,"Cocoa Beach, Brevard  County",Surfing
2020.06.22,22-Jun-2020,2020.0,Unprovoked,USA,Florida,"Homestead, Miami-Dade County",Playing
2020.06.20.b,20-Jun-2020,2020.0,Unprovoked,USA,North Carolina,"Salvo, Dare County",Body Surfing
2020.06.01,01-Jun-2020,2020.0,Unprovoked,USA,Hawaii,"Davidsons Beach, Kauai",Surfing
2020.05.09,09-May-2020,2020.0,Unprovoked,USA,California,"Sand Dollar Beach, Santa Cruz County",Surfing
2020.05.01,01-May-2020,2020.0,Unprovoked,USA,California,"Summerland, Santa Barbara County",Swimming
2020.04.07,07-Apr-2020,2020.0,Unprovoked,USA,Florida,"Cocoa Beach, Brevard  County",Surfing
2020.03.27,27-Mar-2020,2020.0,Unprovoked,USA,California,"Pleasure Point, Santa Cruz County",Stand-Up Paddleboarding
2020.03.22.b,22-Mar-2020,2020.0,Unprovoked,USA,Florida,"New Smyrna Beach, Volusia County",Surfing
2020.03.22.a,22-Mar-2020,2020.0,Unprovoked,USA,Florida,"New Smyrna Beach, Volusia County",Surfing
2020.02.05,05-Feb-2020,2020.0,Unprovoked,USA,Maui,Wailea,Stand-Up Paddle boarding
2020.01.13,13-Jan-2020,2020.0,Unprovoked,USA,North Carolina,"Rodanthe, Dare County",Surfing
2019.12.21,21-Dec-2019,2019.0,Unprovoked,USA,California,"Santa Rosa Island, Ventura County",Surfing
2019.12.03,03-Dec-2019,2019.0,Unprovoked,USA,Hawaii,"Cove Park, Kihei, Maui",Stand-Up Paddleboarding
2019.11.30.b,30-Nov-2019,2019.0,Unprovoked,USA,Florida,"New Smyrna Beach, Volusia County",Surfing
2019.11.12,12-Nov-2019,2019.0,Unprovoked,USA,Florida,"Cocoa Beach, Brevard  County",Surfing
2019.11.06,06-Nov-2019,2019.0,Unprovoked,USA,California,"San Onofre, San Diego County ",Surfing
2019.10.27,27-Oct-2019,2019.0,Provoked,USA,Florida,"New Smyrna Beach, Volusia County",Surfing
2019.10.08,08-Oct-2019,2019.0,Unprovoked,USA,Florida,"Fort Pierce, St. Lucie County",Surfing
2019.10.05.a,05-Oct-2019,2019.0,Watercraft,USA,California,"Ship Rock near Catalina, Los Angeles County",Kayaking
2019.10.04.R, 04-Oct-2019,2019.0,Unprovoked,USA,Guam,Talofofo Bay ,Surfing
2019.09.26,26-Sep-2019,2019.0,Unprovoked,USA,Hawaii,"Kihei, South Maui",Surfing
2019.09.24.b,24-Sep-2019,2019.0,Unprovoked,USA,Florida,"Huguenot Park, Jacksonville, Duval County",Swimming
2019.09.24.a,24-Sep-2019,2019.0,Unprovoked,USA,Florida,"Satellite Beach, Brevard County",Surfing
2019.09.18,18-Sep-2019,2019.0,Unprovoked,USA,Hawaii,"Haleiwa, Oahu",Snorkeling
2019.08.31.b,31-Aug-2019,2019.0,Unprovoked,USA,Cayman Islands,Grand Cayman,Spearfishing
2019.08.27,27-Aug-2019,2019.0,Provoked,USA,Florida,"New Smyrna Beach, Volusia County",Surfing
2019.08.21,21-Aug-2019,2019.0,Unprovoked,USA,Florida,"Fort Lauderdale, Broward County",Wading
2019.08.20,20-Aug-2019,2019.0,Unprovoked,USA,Hawaii,"Napoopoo Park in Kealakekua Bay, The Big Island",Swimming/ Treading water
2019.08.16.a,16-Aug-2019,2019.0,Unprovoked,USA,Florida,"New Smyrna Beach, Volusia County",Wading
2019.08.11,11-Aug-2019,2019.0,Unprovoked,USA,Hawaii,"Makaha Beach, Oahu",Surfing
2019.08.04,04-Aug-2019,2019.0,Unprovoked,USA,Florida,"New Smyrna Beach, Volusia County",Standing
2019.08.03.c,03-Aug-2019,2019.0,Unprovoked,USA,Florida,"New Smyrna Beach, Volusia County",Surfing
2019.08.03.b,03-Aug-2019,2019.0,Unprovoked,USA,Florida,"New Smyrna Beach, Volusia County",Surfing
2019.08.03.a,03-Aug-2019,2019.0,Unprovoked,USA,Florida,Off Key Biscayne,Spearfishing / Diving
2019.07.29.b,29-Jul-2019,2019.0,Unprovoked,USA,Hawaii,Molokai Channel/,Swimming
2019.07.30.a,30-Jul-2019,2019.0,Provoked,USA,North Carolina,"Off Cape Hatteras, Dare County",Fishing 
2019.07.29,29-Jul-2019,2019.0,Unprovoked,USA,Florida,"New Smyrna Beach, Volusia County",Surfing
2019.07.27.b,27-Jul-2019,2019.0,Unprovoked,USA,Florida,"New Smyrna Beach, Volusia County",Boogie boarding
2019.07.27.a,27-Jul-2019,2019.0,Unprovoked,USA,Florida,"Jacksonville Beach, Duval County",Surfing
2019.07.22,22-Jul-2019,2019.0,Unprovoked,USA,Rhode Island,"Moonstone Beach, South Kingstown, Washington County",Surfing
2019.07.18,18-Jul-2019,2019.0,Unconfirmed,USA,Florida,"Haulover Inlet, Miami-Dade County",Diving
2019.07.16,16-Jul-2019,2019.0,Unprovoked,USA,North Carolina,"Sunset Beach, Brunswick County",Body-surfing
2019.07.12,12-Jul-2019,2019.0,Unprovoked,USA,Florida,"Amelia Island, Nassau County",Boogie boarding
2019.06.30,30-Jun-2019,2019.0,Unprovoked,USA,Florida,"New Smyrna Beach, Volusia County",Surfing
2019.06.16.b,16-Jun-2019,2019.0,Unprovoked,USA,North Carolina,"Bald Head Island, Brunswick County",Swimming
2019.06.16.a,16-Jun-2019,2019.0,Unprovoked,USA,Georgia,"Wilmington River, Chatham County",Swimming
2019.06.10,10-Jun-2019,2019.0,Unprovoked,USA,North Carolina,"Ocean Isle, Brunswick County",Surfing
2019.06.02,02-Jun-2019,2019.0,Unprovoked,USA,North Carolina,"Fort Macon State Beach, Carteret County",Standing
2019.05.25.b,25-May-2019,2019.0,Unprovoked,USA,Hawaii,"Honokowai Point, Maui",Swimming
2019.05.20,20-May-2019,2019.0,Unprovoked,USA,New Jersey,"Ship Bottom, Ocean County",Body Boarding
2019.05.14.b,14-May-2019,2019.0,Unprovoked,USA,Hawaii,"Browns, Oahu",Surfing
2019.05.08,08-May-2019,2019.0,Unprovoked,USA,Hawaii,O'ahu,Swimming with sharks
2019.05.07,07-May-2019,2019.0,Unprovoked,USA,California,"North Salmon Creek Beach, Sonoma County",Surfing
2019.05.01,01-May-2019,2019.0,Unprovoked,USA,Florida,"Off Boca Grande, Lee County",Fishing
2019.04.23,23-Apr-2019,2019.0,Unprovoked,USA,Hawaii,"Anaehoomalu Bay, Hawaii",Kayaking
2019.04.12,12-Apr-2019,2019.0,Questionable,USA,Florida,"Crescent Beach, St Johns County",Boogie boarding
2019.04.06.b,06-Apr-2019,2019.0,Questionable,USA,Hawaii,"North Koahala, Big Island",Picking opihi
2019.04.06.a,06-Apr-2019,2019.0,Unprovoked,USA,Hawaii,Kaiwi Channel,Swimming
2019.03.26,26-Mar-2019,2019.0,Watercraft,USA,Hawaii,Waikoloa area,Paddling an outrigger canoe
2019.03.22,22-Mar-2019,2019.0,Unprovoked,USA,Florida,"Hobe Sound, Martin County",Surfing
2019.03.16,16-Mar-2019,2019.0,Unprovoked,USA,Hawaii,Kaiwi Channel,Swimming
2019.03.12,12-Mar-2019,2019.0,Unprovoked,USA,Florida,"Stuart Beach, Martin County",Boogie boarding
2019.03.05.b,05-Mar-2019,2019.0,Unprovoked,USA,Oregon,"Cape Kiwanda, Tillamook County",Surfing
2019.02.04.b,04-Feb-2019,2019.0,Unprovoked,USA,Hawaii,"Hanalei Bay, Kauai",Surfing
2019.02.02.a,02-Feb-2019,2019.0,Unprovoked,USA,Florida,Key Biscayne,Spearfishing
2019.01.08,8-Jan-2019,2019.0,Unprovoked,USA,California,"Sandspit Beach, Montaña de Oro State Park ",Surfing
2018.11.24,24-Nov-2018,2018.0,Unprovoked,USA,Florida,"Juno Beach, Palm Beach County",Surfing
2018.10.23.c,23-Oct-2018,2018.0,Unprovoked,USA,Florida,"Near Patrick AFB, Brevard County",Surfing
2018.10.23.b,23-Oct-2018,2018.0,Unprovoked,USA,Florida,"Ponce Inlet, Volusia County",Surfing
2018.10.23.a,23-Oct-2018,2018.0,Unprovoked,USA,California,Farallon Islands,Diving / Filming
2018.10.11,11-Oct-2018,2018.0,Unprovoked,USA,Florida,"Bethune Beach, Volusia County",Surfing
2018.09.29,29-Sep-2018,2018.0,Unprovoked,USA,California,"Beacons Beach, San Diego County",Diving
2018.08.27,27-Sep-2018,2018.0,Watercraft,USA,California,Humboldt County,Fishing
2018.09.15,15-Sep-2018,2018.0,Unprovoked,USA,Massachusetts,"Newcomb Hollow Beach, Wellfleet, Barnstable County",Boogie boarding
2018.09.08.b,08-Sep-2018,2018.0,Unprovoked,USA,Florida,"Ponce Inlet, Volusia County",Surfing
2018.09.08.a,08-Sep-2018,2018.0,Unprovoked,USA,Hawaii,"Pounders Beach, Oahu",Stand-Up Paddleboarding
2018.09.07,07-Sep-2018,2018.0,Unprovoked,USA,Florida,"Fort Pierce, St. Lucie County",Surfing
2018.08.24,24-Aug-2018,2018.0,Unprovoked,USA,California,"Huntington Beach, Orange County",Swimming
2018.08.19,18-Aug-2018,2018.0,Unprovoked,USA,North Carolina,"Atlantic Beach, Carteret  County",Surfing
2018.08.15.a,15-Aug-2018,2018.0,Unprovoked,USA,Massachusetts,"Longnook Beach, Truro, Barnstable County",Swimming
2018.08.09,09-Aug-2018,2018.0,Unprovoked,USA,Texas,"Crystal Beach, Galveston  County",Spearfishing
2018.08.05.b,05-Aug-2018,2018.0,Unprovoked,USA,North Carolina,"Bald Head Island, Brunswick County",Standing
2018.08.05.a,05-Aug-2018,2018.0,Unprovoked,USA,North Carolina,"Bald Head Island, Brunswick County",Swimming/Standing
2018.07.29,29-Jul-2018,2018.0,Unprovoked,USA,Florida,"St Augustine, St Johns County",Surfing
2018.07.18.b,18-Jul-2018,2018.0,Unprovoked,USA,New York,"Atlantique Beach, Fire Island, Suffolk County",Boogie Boarding
2018.07.18.a,18-Jul-2018,2018.0,Unprovoked,USA,New York,"Sailors Haven, Fire Island, Suffolk County",Wading
2018.07.16.R, 16-Jul-2018,2018.0,Invalid,USA,Texas,Galveston,Surfing
2018.07.14.b,14-Jul-2018,2018.0,Provoked,USA,California,"Trinidad Beach, Huboldt County",Wading
2018.07.14.a,14-Jul-2018,2018.0,Under investigation,USA,Florida,"Playalinda Beach, Brevard County",Surfing
2018.07.11.b,13-Jul-2018,2018.0,Unprovoked,USA,Florida,"Fernandina Beach, Nassau County",Wading
2018.07.13.a,13-Jul-2018,2018.0,Unprovoked,USA,Florida,"Fernandina Beach, Nassau County",Surfing
2018.07.11,11-Jul-2018,2018.0,Unprovoked,USA,Florida,"New Smyrna Beach, Volusia County",Surfing
2018.07.07,07-Jul-2018,2018.0,Invalid,USA,Florida,"John Pennekamp Coral Reef State Park, Monroe County",Snorkeling
2018.07.02,02-Jul-2018,2018.0,Unprovoked,USA,South Carolina,Myrtle Beach,Boogie boarding
2018.06.25,25-Jun-2018,2018.0,Watercraft,USA,California,"Oceanside, San Diego County",Paddling
2018.06.18.b,18-Jun-2018,2018.0,Provoked,USA,Florida,"Near the Bahia Honda Bridge, Monroe County",Fishing
2018.06.18.a,18-Jun-2018,2018.0,Unprovoked,USA,Georgia,"St. Simon Island, Glynn County",Standing
2018.06.09,09-Jun-2018,2018.0,Invalid,USA,Hawaii,"Habush, Oahu",Surfing
2018.05.27,27-May-2018,2018.0,Provoked,USA,Florida,"Lighhouse Point Park, Ponce Inlet, Volusia County",Fishing
2018.05.26.b,26-May-2018,2018.0,Unprovoked,USA,Florida,"Cocoa Beach, Brevard  County",Walking
2018.05.26.a,26-May-2018,2018.0,Unprovoked,USA,Florida,"Daytona Beach, Volusia County",Standing
2018.05.21,21-May-2018,2018.0,Unprovoked,USA,South Carolina,"Isle of Palms,  Charleston County",Boogie boarding
2018.05.13.b,13-May-2018,2018.0,Unprovoked,USA,South Carolina,"Hilton Head Island, Beaufort County",Swimming
2018.04.28.c,28-Apr-2018,2018.0,Provoked,USA,Texas,Galveston Bay,Fishing
2018.04.19,19-Apr-2018,2018.0,Unprovoked,USA,Hawaii,"Shipwreck’s Beach, Keoneloa Bay, Kauai",Body boarding
2018.03.31,31-Mar-2018,2018.0,Unprovoked,USA,Hawaii,Kukio Beach,Stand-Up Paddleboarding
2017.12.31,31-Dec-2017,2017.0,Unprovoked,USA,Hawaii,"Hultin's Beach, Oahu",Surfing
2017.12.30,30-Dec-2017,2017.0,Unprovoked,USA,California,"Drakes Estero, Point Reyes, Marin County",Surfing
2017.11.24,24-Nov-2017,2017.0,Unprovoked,USA,California,"Stillwater Cove, Monterey County",Spearfishing
2017.11.18,18-Nov-2017,2017.0,Unprovoked,USA,Florida,"Floridana Beach, Brevard County",Surfing
2017.11.02,02-Nov-2017,2017.0,Unprovoked,USA,Hawaii,Makaha,Surfing
2017.10.26,26-Oct-2017,2017.0,Unprovoked,USA,Hawaii,"White Plains Beach, Oahu",Stand-Up Paddleboarding
2017.10.23.b,23-Oct-2017,2017.0,Unprovoked,USA,Florida,"Juno Beach, Palm Beach County",Surfing 
2017.10.23.a,23-Oct-2017,2017.0,Unprovoked,USA,Florida,"Ocean Reef Park, Singer Island, Palm Beach County",Swimming
2017.10.18,18-Oct-2017,2017.0,Unprovoked,USA,Florida,"Lantana Beach, Palm Beach County",Swimming
2017.10.09,09-Oct-2017,2017.0,Unprovoked,USA,Hawaii,"Davidsons Beach, Kekaha, Kauai",Surfing
2017.10.05,05-Oct-2017,2017.0,Unprovoked,USA,Hawaii,"Kama‘ole Beach Park, Maui ",Snorkeling
2017.09.25.b,25-Sep-2017,2017.0,Unprovoked,USA,Florida,"Hanna Park, Jacksonville, Duval County",Surfing
2017.09.24.b,24-Sep-2017,2017.0,Invalid,USA,New York,Rockaway,Surfing
2017.09.24.a,24-Sep-2017,2017.0,Unprovoked,USA,Florida,Fort Worth,Surfing
2017.09.20,20-Sep-2017,2017.0,Unprovoked,USA,Florida,Palm Beach County,Surfing
2017.09.16.a,16-Sep-2017,2017.0,Unprovoked,USA,Florida,"Ponce Inlet, Volusia County",Surfing
2017.09.13,13-Sep-2017,2017.0,Unprovoked,USA,Florida,"Ponce Inlet, Volusia County",Surfing
2017.09.02.c,02-Sep-2017,2017.0,Unprovoked,USA,Florida,"Marathon, Monroe County",Swimming
2017.09.02.b,02-Sep-2017,2017.0,Unprovoked,USA,Texas,"South Padre Island, Cameron County",Swimming
2017.09.02.a,02-Sep-2017,2017.0,Unprovoked,USA,Florida,"New Smyrna Beach, Volusia County",Surfing
2017.08.27,27-Aug-2017,2017.0,Unprovoked,USA,Florida,Bathtub Beach ,Wading
2017.08.23,23-Aug-2017,2017.0,Unprovoked,USA,Massachusetts,"Marconi Beach, Wellfleet, Barnstable County",SUP
2017.08.10,10-Aug-2017,2017.0,Unprovoked,USA,South Carolina,"Sea Pines Resort, Hilton Head Island, Beaufort County",Swimming
2017.08.03,03-Aug-2017,2017.0,Provoked,USA,Massachusetts,"Menauhant Beach, Falmouth,
Barnstable County",Fishing
2017.08.01,01-Aug-2017,2017.0,Watercraft,USA,California,"Between Pescadero Point & Bean Hollow Beach, San Mateo County",Fishing
2017.07.31,31-Jul-2017,2017.0,Unprovoked,USA,Florida,"Jacksonvlle, Duval County",Skimboarding
2017.07.29.c,29-Jul-2017,2017.0,Invalid,USA,South Carolina,"Hilton Head Island, Beaufort County",Swimming
2017.07.20.c,20-Jul-2017,2017.0,Invalid,USA,South Carolina,"Hilton Head Island, Beaufort County",Swimming
2017.07.20.b,20-Jul-2017,2017.0,Watercraft,USA,California,"Stearns Wharf, Santa Barbara",Kayaking
2017.07.20.a,20-Jul-2017,2017.0,Unprovoked,USA,California,"Seal Rock, Goleta Beach, Santa Barbara",SUP
2017.07.14.b,14-Jul-2017,2017.0,Unprovoked,USA,Washington,"South Beach, Westport, Grays Harbor County",Surfing
2017.07.11,11-Jul-2017,2017.0,Watercraft,USA,California,"Santa Cruz, Santa Cruz County",Kayaking
2017.07.09,09-Jul-2017,2017.0,Unprovoked,USA,Florida,"Haulover Beach, Miami-Dade County",Swimming
2017.06.29,29-Jun-2017,2017.0,Invalid,USA,South Carolina,Wrightsville Beach,Fishing
2017.06.21,21-Jun-2017,2017.0,Unprovoked,USA,South Carolina,"South Forest Beach, Hilton Head Island, Beaufort County",Swimming
2017.06.19,19-Jun-2017,2017.0,Unprovoked,USA,Florida,"Singer Island, Palm Beach County",Surfing
2017.06.18.b,18-Jun-2017,2017.0,Unprovoked,USA,South Carolina,"Burkes Beach, Hilton Head, Beaufort County",Swimming
2017.06.10.a,10-Jun-2017,2017.0,Unprovoked,USA,Florida,"Ponce Inlet, Volusia County",Surfing
2017.06.04,04-Jun-2017,2017.0,Unprovoked,USA,Florida,"Middle Sambo Reef off Boca Chica, Monroe County",Spearfishing
2017.05.30,30-May-2017,2017.0,Provoked,USA,South Carolina,"Awendaw, Charleston County",Touching a shark
2017.05.28,28-May-2017,2017.0,Unprovoked,USA,Florida,Off Jupiter,Feeding sharks
2017.05.03,03-May-2017,2017.0,Invalid,USA,California,"Sunset Beach, Orange County",Surfing
2017.04.29.d,29-Apr-2017,2017.0,Unprovoked,USA,California,"San Onofre, San Diego County ",Swimming
2017.04.29.b,29-Apr-2017,2017.0,Unprovoked,USA,South Carolina,"Folly Beach, Charleston County",Surfing
2017.04.20,20-Apr-2017,2017.0,Invalid,USA,South Carolina,Georgetown County,Swimming
2017.04.14,14-Apr-2017,2017.0,Unprovoked,USA,Hawaii,"Kekaha Beach, Kauai",Surfing
2017.04.13,13-Apr-2017,2017.0,Unprovoked,USA,Florida,"Hanna Park, Jacksonville, Duval County",Surfing
2017.04.12.b,12-Apr-2017,2017.0,Unprovoked,USA,Florida,St. Augustine,Surfing
2017.04.11,11-Apr-2017,2017.0,Unprovoked,USA,Florida,"Ormond Beach, Volusia County",Surfing
2017.04.10.b,10-Apr-2017,2017.0,Unprovoked,USA,Florida,"Melbourne Beach, Brevard County",Paddle boarding
2017.04.10.a,10-Apr-2017,2017.0,Unprovoked,USA,Florida,"Melbourne Beach, Brevard County",Swimming
2017.04.06,06-Apr-2017,2017.0,Unprovoked,USA,Florida,"Daytona, Volusia County",Swimming
2017.04.05,05-Apr-2017,2017.0,Unprovoked,USA,Florida,"New Smyrna Beach, Volusia County",Swimming
2017.04.02.a,02-Apr-2017,2017.0,Unprovoked,USA,Florida,"Destin, Okaloosa County",Swimming
2017.03.27,27-Mar-2017,2017.0,Unprovoked,USA,Florida,"New Smyrna Beach, Volusia County",Surfing
2017.03.18,18-Mar-2017,2017.0,Watercraft,USA,California,Monterey Bay,Kayaking
2017.02.11,11-Feb-2017,2017.0,Unprovoked,USA,Florida,"Melbourne Beach, Brevard County",Swimming
2017.02.01.b,01-Feb-2017,2017.0,Watercraft,USA,South Carolina,16 miles off Hilton Head,Fishing
2017.01.05,05-Jan-2017,2017.0,Unprovoked,USA,Florida,"Blockhouse Beach, Brevard County",Wading
2016.12.27,27-Dec-2016,2016.0,Unprovoked,USA,Florida,"Avalon State Park Beach, North Hutchinson Island, St Lucie County",Surfing
2016.12.11.a,11-Dec-2016,2016.0,Invalid,USA,Florida,"New Smyrna Beach, Volusia County",Surfing
2016.11.14,14-Nov-2016,2016.0,Unprovoked,USA,Hawaii,"Kamaole Beach Park I, Maui",Floating
2016.10.30,30-Oct-2016,2016.0,Unprovoked,USA,Florida,"Mayport Naval Station Beach, Duval County",Surfing
2016.10.29,29-Oct-2016,2016.0,Unprovoked,USA,Florida,Mayport Naval Station  Duval County,Surfing
2016.10.21,21-Oct-2016,2016.0,Unprovoked,USA,Hawaii,"Hooipa Beach Park, Maui",Surfing
2016.10.14,14-Oct-2016,2016.0,Unprovoked,USA,Hawaii,"Charlie Young Beach, Kihei, Maui",Snorkeling
2016.10.10,10-Oct-2016,2016.0,Unprovoked,USA,Oregon,"Indian Beach, Ecola State Park, Clatsop County",Surfing
2016.10.02,02-Oct-2016,2016.0,Unprovoked,USA,Florida,"New Smyrna Beach, Volusia County",Surfing
2016.10.01,01-Oct-2016,2016.0,Unprovoked,USA,Florida,"New Smyrna Beach, Volusia County",Surfng
2016.09.18.c,18-Sep-2016,2016.0,Unprovoked,USA,Florida,"New Smyrna Beach, Volusia County",Surfing
2016.09.18.b,18-Sep-2016,2016.0,Unprovoked,USA,Florida,"New Smyrna Beach, Volusia County",Surfing
2016.09.18.a,18-Sep-2016,2016.0,Unprovoked,USA,Florida,"New Smyrna Beach, Volusia County",Surfing
2016.09.17.b,17-Sep-2016,2016.0,Unprovoked,USA,California,"Bunkers, Humboldt Bay, Eureka, Humboldt County",Surfing
2016.09.11,11-Sep-2016,2016.0,Unprovoked,USA,Florida,"Ponte Vedra, St. Johns County",Wading
2016.09.07,07-Sep-2016,2016.0,Unprovoked,USA,Hawaii,"Makaha, Oahu",Swimming
2016.09.05.b,05-Sep-2016,2016.0,Unprovoked,USA,South Carolina,"Kingston Plantation, Myrtle Beach, Horry County",Boogie boarding
2016.09.04,04-Sep-2016,2016.0,Unprovoked,USA,Florida,"New Smyrna Beach, Volusia County",Body boarding
2016.09.01,01-Sep-2016,2016.0,Unprovoked,USA,California,"Refugio State Beach, Santa Barbara County",Spearfishing
2016.08.29.b,29-Aug-2016,2016.0,Unprovoked,USA,Florida,"New Smyrna Beach, Volusia County",Surfing
2016.08.29.a,29-Aug-2016,2016.0,Unprovoked,USA,Florida,"New Smyrna Beach, Volusia County",Surfing
2016.08.25,25-Aug-2016,2016.0,Unprovoked,USA,Florida,"Ponte Vedra, St. Johns County",Wading
2016.08.06,06-Aug-2016,2016.0,Unprovoked,USA,Hawaii,Maui,SUP Foil boarding
2016.08.04,04-Aug-2016,2016.0,Unprovoked,USA,Florida,"New Smyrna Beach, Volusia County",Surfing
2016.07.27,27-Jul-2016,2016.0,Provoked,USA,Florida,"Florida Keys, Monroe County",Lobstering
2016.07.17,17-Jul-2016,2016.0,Watercraft,USA,Alabama,8 miles off Mobile,Fishing
2016.07.16.b,16-Jul-2016,2016.0,Unprovoked,USA,Florida,"New Smyrna Beach, Volusia County",Surfing
2016.07.15.b,15-Jul-2016,2016.0,Unprovoked,USA,California,"Surfside, Orange County",Kite surfing
2016.07.15.a,15-Jul-2016,2016.0,Unprovoked,USA,South Carolina,"North Myrtle Beach, Horry County",Swimming
2016.07.08,08-Jul-2016,2016.0,Watercraft,USA,California,"Capitola, Santa Cruz County",Fishing 
2016.07.07.b,07-Jul-2016,2016.0,Provoked,USA,Massachusetts,"Off Gloucester, Essec County",Fishing
2016.07.07.a,07-Jul-2016,2016.0,Watercraft,USA,California,"Off Palos Verdes peninsula, Los Angeles County",Fishing 
2016.07.06,06-Jul-2016,2016.0,Unprovoked,USA,Florida,"Melbourne Beach, Brevard County",Swimming
2016.06.25,25-Jun-2016,2016.0,Unprovoked,USA,North Carolina,"Atlantic Beach, Emerald Isle, Carteret County",Surfing
2016.06.21.b,21-Jun-2016,2016.0,Unprovoked,USA,South Carolina,"North Myrtle Beach, Horry County",Floating
2016.06.21.a,21-Jun-2016,2016.0,Unprovoked,USA,Florida,"Pelican Beach Park, Satellite Beach, Brevard County",Wading
2016.06.15.b,15-Jun-2016,2016.0,Unprovoked,USA,Hawaii,"Kalapaki Beach, Kauai",Surfing
2016.06.14,14-Jun-2016,2016.0,Unprovoked,USA,Texas,"Pirates Beach, Galveston",Floating in tube
2016.06.11,11-Jun-2016,2016.0,Unprovoked,USA,North Carolina,"Atlantic Beach, Emerald Isle, Carteret County",Standing
2016.06.07,07-Jun-2016,2016.0,Invalid,USA,South Carolina,"Folly Beach, Charleston County",Surfing
2016.06.05.b,05-Jun-2016,2016.0,Unprovoked,USA,Florida,"Flagler Beach, Flagler County",Swimming
2016.05.29.b,29-May-2016,2016.0,Unprovoked,USA,California,"Corona Del Mar, Newport, Orange County",Swimming
2016.05.29.a,29-May-2016,2016.0,Unprovoked,USA,Florida,"Neptune, Duval County",Swimming
2016.05.22,22-May-2016,2016.0,Unprovoked,USA,Florida,"Vero Beach, Indian River County",Swimming
2016.05.21.b,21-May-2016,2016.0,Unprovoked,USA,Florida,"St. Petersburg, Pinellas County",Swimming
2016.05.21.a,21-May-2016,2016.0,Unprovoked,USA,Florida,"Hugenot Beach , Jacksonville, Duval County",Swimming
2016.05.18,18-May-2016,2016.0,Unprovoked,USA,Florida,"Ponte Vedra, St. Johns County",Swimming
2016.05.15,15-May-2016,2016.0,Provoked,USA,Florida,"Boca Raton, Palm Beach County",Teasing a shark
2016.05.03,03-May-2016,2016.0,Unprovoked,USA,Hawaii,"Wailea Beach, Maui",Floating
2016.04.23,23-Apr-2016,2016.0,Unprovoked,USA,Florida,"New Smyrna Beach, Volusia County",Surfing
2016.04.13,13-Apr-2016,2016.0,Unprovoked,USA,Florida,"Off Singer Island, Palm Beach County",Spearfishing
2016.04.07.b,07-Apr-2016,2016.0,Unprovoked,USA,Florida,"Florida Keys, Monroe County",Fishing
2016.04.07.a,07-Apr-2016,2016.0,Invalid,USA,Florida,"Corners Beach, Jupiter, Palm Beach County",SUP
2016.03.31,31-Mar-2016,2016.0,Unprovoked,USA,Hawaii,"Olowalu, Maui",Snorkeling
2016.03.13,13-Mar-2016,2016.0,Invalid,USA,California,"Bolsa Chica State Park, Orange County",Surfing
2016.03.11,11-Mar-2016,2016.0,Unprovoked,USA,Florida,"Vero Beach, St. Lucie County",Body surfing
2016.01.28,28-Jan-2016,2016.0,Unprovoked,USA,Hawaii,"Hanalei Bay, Kauai",Surfing
2016.01.25,25-Jan-2016,2016.0,Unprovoked,USA,Hawaii,"Hanalei Bay, Kauai, ",Surfing
2016.01.24.b,24-Jan-2016,2016.0,Unprovoked,USA,Texas,Off Surfside,Spearfishing
2016.01.23,23-Jan-2016,2016.0,Unprovoked,USA,Hawaii,"Wailea Beach, Maui",Paddle boarding
2015.12.22,22-Dec-2015,2015.0,Unprovoked,USA,Hawaii,La'aloa Beach Park,Paddle boarding
2015.11.16,16-Nov-2015,2015.0,Unprovoked,USA,Florida,"Playalinda Beach, Brevard County",Surfing
2015.11.15.b,15-Nov-2015,2015.0,Unprovoked,USA,Florida,"Palm Beach, Palm Beach County",Swimming
2015.11.15.a,15-Nov-2015,2015.0,Unprovoked,USA,Florida,"Ocean Reef Park, Singer Island, Palm Beach County",Surfing
2015.12.23,07-Nov-2015,2015.0,Invalid,USA,Florida,"Paradise Beach, Melbourne, Brevard County",Surfing
2015.11.03,03-Nov-2015,2015.0,Unprovoked,USA,Hawaii,"Kehena Beach, Hawaii",Swimming
2015.11.01.b,01-Nov-2015,2015.0,Unprovoked,USA,Florida,"Cocoa Beach, Brevard  County",Wading
2015.10.28.a,28-Oct-2015,2015.0,Unprovoked,USA,Hawaii,"Malaka, Oahu",Body boarding
2015.10.21,21-Oct-2015,2015.0,Unprovoked,USA,Florida,"Playalinda Beach, Brevard County",Surfing
2015.10.19,19-Oct-2015,2015.0,Unprovoked,USA,Florida,"Deerfield Beach, Broward County",Surfing
2015.10.17.b,17-Oct-2015,2015.0,Invalid,USA,Hawaii,"Waikiki, ",Surfing
2015.10.17.a,17-Oct-2015,2015.0,Unprovoked,USA,Hawaii,"Lanikai Beach, Kailua, Oahu",Swimming
2015.10.13,13-Oct-2015,2015.0,Watercraft,USA,California,"Off Leffingwell Landing, San Luis Obispo County",Fishing
2015.10.09.b,09-Oct-2015,2015.0,Unprovoked,USA,South Carolina,"Shipyard Beach Club, Hilton Head Island, Beaufort County",Boogie boarding
2015.10.09.a,09-Oct-2015,2015.0,Unprovoked,USA,Hawaii,"Leftovers, Oahu",Surfing
2015.10.05.b,05-Oct-2015,2015.0,Unprovoked,USA,Florida,"Pepper Park Beach, St. Lucie County",Body boarding
2015.10.05.a,05-Oct-2015,2015.0,Unprovoked,USA,Texas,Galveston,Wading
2015.10.04,04-Oct-2015,2015.0,Unprovoked,USA,Florida,"New Smyrna Beach, Volusia County",Surfing
2015.09.29,29-Sep-2015,2015.0,Unprovoked,USA,Florida,"Vilano Beach, St.  Johns County",Surfing
2015.09.24,24-Sep-2015,2015.0,Watercraft,USA,California,"Horseshoe Rock, Santa Barbara County",Kayak fishing
2015.09.20.d,20-Sep-2015,2015.0,Unprovoked,USA,Florida,"New Smyrna Beach, Volusia County",Surfing
2015.09.20.c,20-Sep-2015,2015.0,Unprovoked,USA,Hawaii,"Upolu Point, North Kohala, Big Island",Spearfishing
2015.09.20.b,20-Sep-2015,2015.0,Unprovoked,USA,Florida,"Fernandina Beach, Amelia Island, Nassau County",Wading
2015.09.20.a,20-Sep-2015,2015.0,Unprovoked,USA,Florida,"Vilano Beach, St.  Johns County",Photographing fish
2015.09.19,19-Sep-2015,2015.0,Watercraft,USA,California,"Gaviota State Beach, Santa Barbara County",Kayak Fishing
2015.09.18,18-Sep-2015,2015.0,Unprovoked,USA,Florida,"Big Talbot Island, Duval County",Swimming
2015.09.17,17-Sep-2015,2015.0,Unprovoked,USA,Florida,"Jacksonville Beach, Duval County",Surfing
2015.09.06,06-Sep-2015,2015.0,Unprovoked,USA,California,"El Pescador Beach, Los Angeles County",Stand-Up Paddleboarding
2015.09.05,05-Sep-2015,2015.0,Provoked,USA,California,"Deer Creek Beach, Ventura County",Kayak Fishing
2015.08.29.b,29-Aug-2015,2015.0,Unprovoked,USA,California,"Morro Strand State Beach, San Luis Obispo County",Surfing
2015.08.29.a,29-Aug-2015,2015.0,Unprovoked,USA,California,"Morro Bay, San Luis Obispo County",Surfing
2015.08.20,20-Aug-2015,2015.0,Unprovoked,USA,South Carolina,"Murrells Inlet, Georgetown County",Surfing
2015.08.19,19-Aug-2015,2015.0,Unprovoked,USA,Florida,"Jacksonville Beach, Duval County",Walking
2015.08.18.b,18-Aug-2015,2015.0,Watercraft,USA,California,Santa Barbara County,Kayak Fishing
2015.08.10,10-Aug-2015,2015.0,Provoked,USA,California,Cortes Bank,Spearfishing
2015.07.26.b,26-Jul-2015,2015.0,Unprovoked,USA,Florida,"Daytona Beach, Volusia County",Surfing
2015.07.26.a,26-Jul-2015,2015.0,Invalid,USA,South Carolina,"Edisto Beach, Colleton County",Floating
2015.07.23.b,23-Jul-2015,2015.0,Provoked,USA,California,"La Jolla, San Diego County",Kayak Fishing
2015.07-10,10-Jul-2015,2015.0,Unprovoked,USA,California,"Huntington Beach, Orange County",Surfing
2015.07.08,08-Jul-2015,2015.0,Invalid,USA,California,"Huntington Beach, Orange County",Treading water
2015.07.01,01-Jul-2015,2015.0,Unprovoked,USA,North Carolina,"Ocracoke, Lifeguard Beach, National Park Service, Hyde County",Swimming
2015.06.30.a,30-Jun-2015,2015.0,Unprovoked,USA,South Carolina,"Isle of Palms County Park, Isle of Palms, Charleston County",Playing in the water
2015.06.27.b,27-Jun-2015,2015.0,Unprovoked,USA,North Carolina,"Rodanthe, Dare County",Swimming
2015.06.26.c,26-Jun-2015,2015.0,Invalid,USA,Florida,"Jacksonville Beach, Duval County",Swimming
2015.06.26.a,26-Jun-2015,2015.0,Unprovoked,USA,South Carolina,"South Beach, Hunting Island State Park, Beaufort County",Standing
2015.06.25,25-Jun-2015,2015.0,Unprovoked,USA,North Carolina,"Avon, Hatteras Island, Outer Banks, Dare County",Body surfing?
2015.06.24.b,24-Jun-2015,2015.0,Unprovoked,USA,North Carolina,Surf City,Swimming
2015.06.23,23-Jun-2015,2015.0,Unprovoked,USA,South Carolina,"St. Helena Island, Beaufort County",Standing
2015.06.17,17-Jun-2015,2015.0,Unprovoked,USA,Florida,Daytona Beach Shores,Swimming
2015.06.14.b,14-Jun-2015,2015.0,Unprovoked,USA,North Carolina,"Oak Island, Brunswick County",Wading
2015.06.14.a,14-Jun-2015,2015.0,Unprovoked,USA,North Carolina,"Oak Island, Brunswick County",Wading
2015.06.11,11-Jun-2015,2015.0,Unprovoked,USA,North Carolina,"Ocean Isle, Brunswick County",Boogie boarding
2015.06.07,07-Jun-2015,2015.0,Unprovoked,USA,Florida,"Lori Wilson Park, Cocoa Beach, Brevard  County",Playing
2015.06.05,05-Jun-2015,2015.0,Unprovoked,USA,Florida,Fort Lauderdale,Attempting to rescue a shark
2015.05.29.b,29-May-2015,2015.0,Unprovoked,USA,Florida,"Cocoa Beach, Brevard  County",Standing
2015.05.29.a,29-May-2015,2015.0,Unprovoked,USA,Florida,"New Smyrna Beach, Volusia County",Wading
2015.05.24,24-May-2015,2015.0,Unprovoked,USA,Florida,"Cocoa Beach, Brevard  County",Swimming
2015.05.20,20-May2015,2015.0,Unprovoked,USA,Florida,"New Smyrna Beach, Volusia County",Surfing
2015.05.07,07-May-2015,2015.0,Unprovoked,USA,Florida,"Cocoa Beach, Brevard  County",Swimming
2015.04.29,29-Apr-2015,2015.0,Unprovoked,USA,Hawaii,Kanahena Cove ,Snorkeling
2015.04.26,26-Apr-2015,2015.0,Unprovoked,USA,Florida,"Resident's Beach, Marco Island",Wading
2015.04.13,13-Apr-2015,2015.0,Unprovoked,USA,Florida,"Florida Keys, Monroe County",Photographing the shark
2015.04.03,03-Apr-2015,2015.0,Unprovoked,USA,Florida,"3 miles off Jupiter, Palm Beach County",Spearfishing
2015.03.18,18-Mar-2015,2015.0,Unprovoked,USA,Hawaii,Hapuna Beach,Standing / Snorkeling
2015.01.27,27-Jan-2015,2015.0,Provoked,USA,Hawaii,Lahaina,Shark fishing
2015.01.19.b,19-Jan-2015,2015.0,Watercraft,USA,Florida,Off Panama City,Fishing
2014.12.28.b,28-Dec-2014,2014.0,Unprovoked,USA,California,"Montaña de Oro State Park, San Luis Obispo County ",Surfing
2014.11.16,16-Nov-2014,2014.0,Unprovoked,USA,Florida,"Indian Harbor Beach, Brevard County",Surfing
2014.11.13,13-Nov-2014,2014.0,Unprovoked,USA,Hawaii,"Airplane Beach, Lahina, West Maui",Snorkeling
2014.11.08,08-Nov-2014,2014.0,Unprovoked,USA,Florida,"Fort Pierce Inlet State Park, St. Lucie County",Surfing
2014.10.31,31-Oct-2014,2014.0,Unprovoked,USA,Hawaii,"North Kohala, Hawaii County",Surfing
2014.10.22,22-Oct-2014,2014.0,Unprovoked,USA,Hawaii,"Kihei, Maui",Stand-Up Paddleboarding
2014.10.20,20-Oct-2014,2014.0,Unprovoked,USA,Hawaii,"Kahului, Maui",Stand-Up Paddleboarding
2014.10.19,19-Oct-2014,2014.0,Watercraft,USA,California,"Leadbetter Beach, Santa Barbara County",Canoeing
2014.10.18,18-Oct-2014,2014.0,Unprovoked,USA,Hawaii,"Maalaea, South Maui",Surfing
2014.10.14,14-Oct-2014,2014.0,Unprovoked,USA,South Carolina,"Hilton Head Island, Beaufort County",Standing in inner tube
2014.10.12,12-Oct-2014,2014.0,Unprovoked,USA,Florida,"Melbourne Beach, Brevard County",Body surfing or Boogie boarding
2014.10.05.b,05-Oct-2014,2014.0,Unprovoked,USA,Florida,"New Smyrna Beach, Volusia County",Surfing
2014.10.07,07-Oct-2014,2014.0,Unprovoked,USA,Florida,"Cherie Down Park, Brevard County",Fishing
2014.10.05.a,05-Oct-2014,2014.0,Unprovoked,USA,Florida,"New Smyrna Beach, Volusia County",Surfing
2014.10.03.b,03-Oct-2014,2014.0,Watercraft,USA,California,Santa Barbara County,Kayaking
2014.10.03.a,03-Oct-2014,2014.0,Watercraft,USA,California,Santa Barbara County,Kayaking 
2014.10.02.b,02-Oct-2014,2014.0,Unprovoked,USA,California,"Walls Beach, Vandenberg AFB, Santa Barbara County",Surfing
2014.09.21,21-Sep-2014,2014.0,Unprovoked,USA,Florida,"New Smyrna Beach, Volusia County",Surfing
2014.09.13,13-Sep-2014,2014.0,Invalid,USA,California,"Manresa State Beach, Santa Cruz County",Surfing
2014.09.06,06-Sep-2014,2014.0,Unprovoked,USA,Alabama,"Katrina Cut, Dauphin Island, Mobile County",Fishing 
2014.09.03,03-Sep-2014,2014.0,Watercraft,USA,Massachusetts,"Manomet Point, Plymouth, Plymouth County",Kayaking 
2014.09.02,02-Sep-2014,2014.0,Provoked,USA,Florida,"Fletcher Beach, Hutchinson Island, Martin County",Fishing
2014.08.31,31-Aug-2014,2014.0,Unprovoked,USA,Florida,"New Smyrna Beach, Volusia County",Body surfing
2014.08.29.b,29-Aug-2014,2014.0,Unprovoked,USA,Florida,"Ponce Inlet, Volusia County",Surfing
2014.08.28,28-Aug-2014,2014.0,Provoked,USA,Maryland,Assateague National Seashore,Fishing
2014.08.27.b,27-Aug-2014,2014.0,Unprovoked,USA,North Carolina,"Figure Eight Island,  New Hanover County",Surfing
2014.08.27.a,27-Aug-2014,2014.0,Unprovoked,USA,South Carolina,"Surfside Beach, Horry  County",Standing
2014.08.25, 25-Aug-2014,2014.0,Provoked,USA,Florida,Apalachicola Bay ,Fishing for sharks
2014.08.24,24-Aug-2014,2014.0,Unprovoked,USA,North Carolina,"Off Masonboro Island, New Hanover County",Kite boarding
2014.08.12,12-Aug-2014,2014.0,Unprovoked,USA,Florida,"3 to 4 miles west of Indian Pass, Gulf County",Standing
2014.08.09,09-Aug-2014,2014.0,Unprovoked,USA,Florida,"Lori Wilson Park, Cocoa Beach, Brevard  County",Swimming
2014.08.08,08-Aug-2014,2014.0,Unprovoked,USA,Louisiana,"Lake Ponchartain off Southshore Harbor, New Orleans",Swimming
2014.08.06,06-Aug-2014,2014.0,Unprovoked,USA,South Carolina,"Folly Beach, Charleston County",Boogie boarding
2014.08.05,05-Aug-2014,2014.0,Unprovoked,USA,Florida,"Cocoa Beach, Brevard  County",Swimming
2014.08.02,02-Aug-2014,2014.0,Unprovoked,USA,Florida,"South of Cocoa Beach, Brevard County",Surfing
2014.08.02,02-Aug-2014,2014.0,Unprovoked,USA,Florida,"Table Beach, Brevard County",Boogie boarding
2014.07.27,27-Jul-2014,2014.0,Unprovoked,USA,North Carolina,"Sunset Beach, Brunswick County",Swimming
2014.07.21,21-Jul-2014,2014.0,Unprovoked,USA,Florida,"Indialantic, Brevard County",Standing
2014.07.16,16-Jul-2014,2014.0,Unprovoked,USA,Hawaii,"Paia Bay, Maui",Swimming
2014.07.14,14-Jul-2014,2014.0,Unprovoked,USA,Florida,Okaloosa Island,Swimming
2014.07.12,12-Jul-2014,2014.0,Unprovoked,USA,North Carolina,"Masonboro Island, New Hanover County",Body surfing
2014.07.09,9-Jul-2014,2014.0,Unprovoked,USA,Florida,"New Smyrna Beach, Volusia County",Surfing
2014.07.05.b,5-Jul-2014,2014.0,Provoked,USA,California,"Manhattan Beach, Los Angeles County",Swimming
2014.07.05.a,5-Jul-2014,2014.0,Unprovoked,USA,California,"Oceano Dunes State Beach, San Luis Obispo County",Surfing
2014.07.03,3-Jul-2014,2014.0,Unprovoked,USA,South Carolina,"Isle of Palms, Charleston County",Body surfing
2014.06.09.b,09-Jun-2014,2014.0,Unprovoked,USA,Delaware,"Cape Henlopen State Park, Sussex County",Standing
2014.06.07,07-Jun-2014,2014.0,Unprovoked,USA,Texas,"West Beach, Galveston",Kneeling in the water
2014.06.01.c,01-Jun-2014,2014.0,Unprovoked,USA,Florida,Fort Lauderdale,Swimming
2014.05.15,15-May-2014,2014.0,Unprovoked,USA,Florida,"Juan Ponce de León Landing, Melbourne Beach, Brevard County",Body boarding
2014.05.13,13-May2014,2014.0,Unprovoked,USA,Florida,"Jacksonville Beach, Duval County",Wading
2014.05.11,11-May-2014,2014.0,Unprovoked,USA,Georgia,"Tybee Island, Chatham County",Surfing
2014.05.10.R, 10-May-2014,2014.0,Invalid,USA,Florida,"Bethel Shoals, Indian River County",Diving
2014.05.06,06-May-2014,2014.0,Unprovoked,USA,South Carolina,"Coligny Beach, Hilton Head, Beaufort County",Swimming
2014.05.01,01-May-2014,2014.0,Unprovoked,USA,Florida,"New Smyrna Beach, Volusia County",Surfing
2014.04.22,22-Apr-2014,2014.0,Unprovoked,USA,Florida,"Cocoa Beach, Brevard  County",Swimming
2014.04.15,15-Apr-2014,2014.0,Unprovoked,USA,Florida,"New Smyrna Beach, Volusia County",Wading
2014.04.04.b,04-Apr-2014,2014.0,Unprovoked,USA,Florida,"New Smyrna Beach, Volusia County",Surfing
2014.04.04.a,04-Apr-2014,2014.0,Unprovoked,USA,Florida,"New Smyrna Beach, Volusia County",Surfing
2014.03.22.a,22-Mar-2014,2014.0,Unprovoked,USA,Florida,Delray Beach,Kite Surfing
2014.03.21,21-Mar-2014,2014.0,Unprovoked,USA,Florida,Macarthur State Park,Surfing
2014.03.02,02-Mar-2014,2014.0,Unprovoked,USA,Florida,"Santa Lucea Beach, South Hutchinson Island, St. Lucie County",Surfing
2013.12.11,11-Dec-2013,2013.0,Unprovoked,USA,Hawaii,"Ninole Bay, Hawaii County",Boogie boarding
2013.12.10,10-Dec-2013,2013.0,Unprovoked,USA,Florida,"Cocoa Beach, Brevard  County",Surfing
2013.12.02,02-Dec-2013,2013.0,Unprovoked,USA,Hawaii,"Between  Makena & Molokini, Maui",Kayaking / Fishing
2013.11.29,29-Nov2013,2013.0,Unprovoked,USA,Hawaii,"Keawekapu Beach, Kihei, Maui",Snorkeling
2013.11.22,22-Nov-2013,2013.0,Unprovoked,USA,Oregon,"Gleneden Beach, Lincoln County",Surfing
2013.11.07.b,07-Nov-2013,2013.0,Unprovoked,USA,New Jersey,"Bay Head, Ocean County",Body boarding
2013.11.07.a,07-Nov-2013,2013.0,Unprovoked,USA,Florida,"Floridana Beach, Brevard County",Surfing
2013.10.31,31-Oct-2013,2013.0,Unprovoked,USA,Hawaii,"Kanaha Beach, Maui",Kiteboarding
2013.10.23,23-Oct-2013,2013.0,Unprovoked,USA,Hawaii,"Waiehu, Maui",Diving 
2013.10.20,20-Oct-2013,2013.0,Unprovoked,USA,Hawaii,"Pila'a Beach, Kaua'i",Surfing
2013.10.19,19-Oct-2013,2013.0,Unprovoked,USA,Florida,Miami Beach,Wading
2013.10.05,06-Oct-2013,2013.0,Unprovoked,USA,California,"Bunkers, Humboldt Bay, Eureka, Humboldt County",Surfing
2013.10.05,10-Oct-2013,2013.0,Unprovoked,USA,Florida,"Destin, Okaloosa County",Wading
2013.09.29.b,29-Sep-2013,2013.0,Unprovoked,USA,Florida,"Melbourne Beach, Brevard County",Surfing
2013.09.25, 25-Sep-2013,2013.0,Unprovoked,USA,Florida,"Panama City, Bay County",Standing
2013.09.21.b, 21-Sep-2013,2013.0,Unprovoked,USA,Florida,"Ormond Beach, Volusia County",Swimming
2013.09.21.a, 21-Sep-2013,2013.0,Unprovoked,USA,Florida,"Carlin Park, Jupiter, Palm Beach County",Surfing
2013.09.14, 14-Sep-2013,2013.0,Unprovoked,USA,Florida,"Casino Beach, Pensacola, Escambia County",Swimming
2013.09.12, 12-Sep-2013,2013.0,Unprovoked,USA,Florida,"New Smyrna Beach,  Volusia County",Surfing
2013.09.07.b, 07-Sep-2013,2013.0,Provoked,USA,Florida,"New Smyrna Beach,  Volusia County",Surfing
2013.09.07.a, 07-Sep-2013,2013.0,Unprovoked,USA,Florida,"New Smyrna Beach,  Volusia County",Standing
2013.09.02, 02-Sep-2013,2013.0,Unprovoked,USA,Florida,"Ormond Beach, Volusia County",Swimming
2013.09.01.a, 01-Sep-2013,2013.0,Unprovoked,USA,Florida,"St Augustine Beach, St Johns County",Casting a net
2013.08.31.a,31-Aug-2013,2013.0,Unprovoked,USA,California,"Butterfly Beach, Montecito, Santa Barbara County",Swimming
2013.08.29,29-Aug-2013,2013.0,Invalid,USA,California,Catalina Channel,Marathon swimming
2013.08.25.b, 25-Aug-2013,2013.0,Unprovoked,USA,Florida,"Winterhaven Park,           Ponce Inlet, Volusia County",Boogie boarding
2013.08.18, 18-Aug-2013,2013.0,Unprovoked,USA,Hawaii,Pohoiki ,Surfing
2013.08.17,17-Aug-2013,2013.0,Unprovoked,USA,California,"Pillar Point, Half-Moon Bay, San Mateo County",Surfing
2013.08.14, 14-Aug-2013,2013.0,Unprovoked,USA,Hawaii,"Makenat, Maui",Snorkeling
2013.08.13, 13-Aug-2013,2013.0,Unprovoked,USA,Hawaii,"Ka'a Point, Maui",Kiteboarding
2013.08.11,11-Aug-2013,2013.0,Unprovoked,USA,South Carolina,Folly Beach,Surfing
2013.08.05, 05-Aug-2013,2013.0,Unprovoked,USA,Florida,"Sanibel Island, Lee County",Fishing
2013.07.31,  31-Jul-2013,2013.0,Unprovoked,USA,Hawaii,"Ulua Beach, Maui",Snorkeling
2013.07.30,  30-Jul-2013,2013.0,Unprovoked,USA,South Carolina,"Isle of Palms, Charleston County",Swimming
2013.07.29.a,  29-Jul-2013,2013.0,Unprovoked,USA,Hawaii,"White Plains Beach, Oahu",Surfing
2013.07.19,19-Jul-2013,2013.0,Unprovoked,USA,Alabama,"Gulf Shores, Baldwin County",Walking in surf
2013.07.17.R, 17-Jul-2013,2013.0,Unprovoked,USA,Florida,"Butler Beach, St Augustine,       St. Johns County",Swimming 
2013.07.11,11-Jul-2013,2013.0,Unprovoked,USA,North Carolina,Holden Beach. Brunswick County,Wading
2013.06.25.c,25-Jun-2013,2013.0,Watercraft,USA,California,"Pacific State , San Mateo County",Kayaking / Fishing
2013.06.25.b,25-Jun-2013,2013.0,Unprovoked,USA,Florida,"Jacksonville, Duval County",Swimming
2013.06.25.a,25-Jun-2013,2013.0,Unprovoked,USA,South Carolina,"Kiawah Island, Charleston County",Swimming
2013.06.18,18-Jun-2013,2013.0,Unprovoked,USA,Hawaii,Kona Coast State Park,Swimming
2013.06.17,17-Jun-2013,2013.0,Unprovoked,USA,Texas,"Surfside Beach, Brazoria County",Swimming
2013.06.15,15-Jun-2013,2013.0,Unprovoked,USA,Florida,"Atlantic Beach, Duval County",Surfing
2013.06.14.R, 14-Jun-2013,2013.0,Unprovoked,USA,South Carolina,"Myrtle Beach, Horry County",Boogie Boarding
2013.06.06.b,06-Jun-2013,2013.0,Provoked,USA,Florida,"Off Snipe Point, Florida Keys, Monroe County",Fishing for sharks
2013.05.27.b,27-May-2013,2013.0,Unprovoked,USA,Hawaii,"Halewia, Oahu",Diving
2013.05.27.a,27-May-2013,2013.0,Unprovoked,USA,Florida,"Ormond Beach, Volusia County",Swimming
2013.05.08.b,08-May-2013,2013.0,Invalid,USA,California,"Tourmaline Surf Park, San Diego County",Surfing
2013.05.04.a,04-May-2013,2013.0,Unprovoked,USA,Florida,"Melbourne Beach, Brevard County",Surfing
2013.04.17,17-Apr-2013,2013.0,Unprovoked,USA,Florida,"Near Boynton Beach, Palm Beach County",Playing in the surf
2013.04.13.b,13-Apr-2013,2013.0,Unprovoked,USA,Florida,"New Smyrna Beach, Volusia County",Surfing
2013.04.04,04-Apr-2013,2013.0,Unprovoked,USA,Florida,"Jensen Beach, Martin County ",Swimming
2013.04.02.a,02-Apr-2013,2013.0,Unprovoked,USA,Hawaii,Ka’anapali Shores,Surfing
2013.02.21.b,21-Feb-2013,2013.0,Unprovoked,USA,Hawaii,"Ka'anapali, Honokowai, Maui",Surfing
2013.02.21.a,21-Feb-2013,2013.0,Unprovoked,USA,Hawaii,"Paia Bay, Maui",Surfing
2013.02.10,10-Feb-2013,2013.0,Unprovoked,USA,Florida,"""Stuart Rocks"", Martin County",Surfing
2013.01.16,16-Jan-2013,2013.0,Unprovoked,USA,Hawaii,Kiholo Bay,Surfing
2012.12.31,31-Dec-2012,2012.0,Unprovoked,USA,Florida,"Jensen Beach, Martin County ",Swimming
2012.12.05,05-Dec-2012,2012.0,Unprovoked,USA,Hawaii,Kauai,Surfing
2012.11.30,30-Nov-2012,2012.0,Unprovoked,USA,Hawaii,"Kihei, Maui",Snorkeling
2012.11.19,19-Nov-2012,2012.0,Unprovoked,USA,Florida,"Melbourne Beach, Brevard County",Surfing
2012.11.04.b,04-Nov-2012,2012.0,Unprovoked,USA,Hawaii,"Makena Landing, Maui",Diving
2012.11.04.a,04-Nov-2012,2012.0,Unprovoked,USA,Hawaii,"Davidson's Surf Break, Kekaha, Kaua'i",Surfing
2012.10.30,30-Oct-2012,2012.0,Unprovoked,USA,California,"Humboldt Bay, Eureka, Humboldt County",Surfing
2012.10.27,27-Oct-2012,2012.0,Unprovoked,USA,Hawaii,"Makena Landing, Maui",Swimming
2012.10.23,23-Oct-2012,2012.0,Unprovoked,USA,California,"Surf Beach, Lompoc, Santa Barbara County",Surfing
2012.10.18.b,18-Oct-2012,2012.0,Unprovoked,USA,Florida,"Ponce Inlet, Volusia County",Surfing
2012.10.18.a,18-Oct-2012,2012.0,Unprovoked,USA,Hawaii,"Kanaha Beach, Maui",Paddle boarding
2012.10.07,10-Oct-2012,2012.0,Unprovoked,USA,California,"Davenport Landing, Santa Cruz County",Windsurfing
2012.09.25,25-Sep-2012,2012.0,Unprovoked,USA,Florida,"Melbourne Beach, Brevard County",Surfing
2012.09.24,24-Sep-2012,2012.0,Unprovoked,USA,Florida,"Spanish House Beach, Brevard County",Surfing
2012.09.16,16-Sep-2012,2012.0,Unprovoked,USA,Florida," Cocoa Beach, Brevard  County",Surfing
2012.09.09,09-Sep-2012,2012.0,Unprovoked,USA,Florida,"New Smyrna Beach, Volusia County",Surfing
2012.09.08.b,08-Sep-2012,2012.0,Unprovoked,USA,Florida,"Lori Wilson Park, Cocoa Beach, Brevard  County",Surfing
2012.09.08.a,08-Sep-2012,2012.0,Unprovoked,USA,Florida,"South Beach, Miami-Dade County",Swimming
2012.09.06.b,06-Sep-2012,2012.0,Unprovoked,USA,Florida,"Neptune Beach, Duval County",Surfing
2012.09.06.a,06-Sep-2012,2012.0,Unprovoked,USA,Florida,"St. Augustine Beach, St. John's County",Surfing
2012.09.04,04-Sep-2012,2012.0,Unprovoked,USA,Florida,"Melbourne Beach, Brevard County",Surfing
2012.09.02.b,02-Sep-2012,2012.0,Unprovoked,USA,Florida,"New Smyrna Beach, Volusia County",Boogie boarding
2012.09.02.b,02-Sep-2012,2012.0,Provoked,USA,Hawaii,"Spreckelsville, Maui",Spearfishing
2012.09.02.a,02-Sep-2012,2012.0,Unprovoked,USA,Florida,"New Smyrna Beach, Volusia County",Swimming or boogie boarding
2012.08.15,15-Aug-2012,2012.0,Unprovoked,USA,Alabama,"Gulf Shores, Baldwin County",Wading or swimming
2012.08.09,08-Aug-2012,2012.0,Unprovoked,USA,Florida,Key Largo,Free diving 
2012.07.31.b,31-Jul-2012,2012.0,Unprovoked,USA,California,"Topanga Beach, Los Angeles County",Surfing
2012.07.30.b,30-Jul-2012,2012.0,Unprovoked,USA,Hawaii,"Maha‘ulepu Beach, Kauai",Surfing
2012.07.30.a,30-Jul-2012,2012.0,Unprovoked,USA,Massachusetts,"Ballston Beach, Truro, Cape Cod",Body surfing
2012.07.08,08-Jul-2012,2012.0,Unprovoked,USA,North Carolina,"North Topsail Beach, Onslow County",Swimming
2012.07.07.a,07-Jul-2012,2012.0,Watercraft,USA,California,"Pleasure Point, Santa Cruz County",Kayaking
2012.06.26.c,26-Jun-2012,2012.0,Unprovoked,USA,Florida,"Juno Beach, Palm Beach County",Swimming
2012.06.26.b,26-Jun-2012,2012.0,Unprovoked,USA,Florida,"New Smyrna Beach, Volusia County",Surfing
2012.06.26.a,26-Jun-2012,2012.0,Unprovoked,USA,Hawaii,"Kahana Beach, Maui",Sitting in the water
2012.06.22.a,22-Jun-2012,2012.0,Unprovoked,USA,Florida,"Bathtub Reef  Beach, Stuart, Martin County",Swimming
2012.06.19,19-Jun-2012,2012.0,Invalid,USA,South Carolina,"Myrtle Beach, Horry County",Standing
2012.06.18,18-Jun-2012,2012.0,Unprovoked,USA,North Carolina,"Ocean Isle, Brunswick County",Wading
2012.06.15,15-Jun-2012,2012.0,Provoked,USA,Florida,"Summerland Key, Monroe County",Fishing
2012.06.14.d,14-Jun-2012,2012.0,Unprovoked,USA,South Carolina,"Myrtle Beach, Horry County",Swimming
2012.06.14.c,14-Jun-2012,2012.0,Unprovoked,USA,South Carolina,"Myrtle Beach, Horry County",Swimming
2012.06.14.b,14-Jun-2012,2012.0,Unprovoked,USA,South Carolina,"Myrtle Beach, Horry County",Swimming
2012.06.14.a,14-Jun-2012,2012.0,Unprovoked,USA,South Carolina,"Myrtle Beach, Horry County",Swimming
2012.06.02.b,02-Jun-2012,2012.0,Unprovoked,USA,Florida,"Bethune Beach, Volusia County",Surfing
2012.06.02.a,02-Jun-2012,2012.0,Unprovoked,USA,South Carolina,"Myrtle Beach, Horry County",Boogie Boarding
2012.05.31,31-May-2012,2012.0,Unprovoked,USA,North Carolina,"Avon, Hatteras Island, Outer Banks, Dare County",Wading
2012.05.23,23-May-2012,2012.0,Unprovoked,USA,Florida,"Jacksonville, Duval County",Surfing
2012.05.20,20-May-2012,2012.0,Watercraft,USA,Hawaii,"Iroquiois Point, Oahu",Kayak Fishing
2012.05.12,12-May-2012,2012.0,Watercraft,USA,California,"Leffingwell Landing, Cambria,  San Luis Obispo County",Kayaking / Fishing
2012.05.09,09-May-2012,2012.0,Unprovoked,USA,Florida,"Vero Beach, Indian River County",Swimming
2012.05.06,06-May-2012,2012.0,Unprovoked,USA,California,Off Catalina Island,Paddle boarding
2012.04.19.b,19-Apr-2012,2012.0,Unprovoked,USA,Florida,"Indialantic, Brevard County",Surfing
2012.04.03,03-Apr-2012,2012.0,Unprovoked,USA,Hawaii,"Leftovers near Chun's Reef, Oahu",Surfing
2012.03.24,24-Mar-2012,2012.0,Unprovoked,USA,Florida,"New Smyrna Beach, Volusia County",Surfing
2012.03.15,15-Mar-2012,2012.0,Unprovoked,USA,Florida,"Jensen Beach, Martin County ",Surfing
2012.03.14.b,14-Mar-2012,2012.0,Unprovoked,USA,Florida,"New Smyrna Beach, Volusia County",Surfing
2012.03.14.a,14-Mar-2012,2012.0,Unprovoked,USA,Florida,"New Smyrna Beach, Volusia County",Surfing
2012.03.04,04-Mar-2012,2012.0,Unprovoked,USA,Florida,"Playalinda Beach, Brevard County",Kite Surfing
2012.02.26,26-Feb-2012,2012.0,Provoked,USA,Florida,"Palm Beach Inlet, Palm Beach County",Kite Surfing
2012.01.27,27-Jan-2012,2012.0,Unprovoked,USA,Hawaii,Lanai,Snorkeling
2012.01.13,13-Jan-2012,2012.0,Unprovoked,USA,Oregon,"Lincoln City, Lincoln County",Surfing
2011.12.23,23-Dec-2011,2011.0,Unprovoked,USA,Florida,New Smyrna Beach,Surfing
2011.12.21.b,21-Dec-2011,2011.0,Provoked,USA,Hawaii,"Makahuena Point, Kauai",Canoeing
2011.12.06,06-Dec-2011,2011.0,Unprovoked,USA,Oregon,Seaside Cove,Surfing
2011.11.22,22-Nov-2011,2011.0,Watercraft,USA,California,Pigeon Point,Kayaking
2011.10.29.,  29-Oct-2011,2011.0,Unprovoked,USA,California,"Marina State Beach, Monterey County",Surfing
2011.10.20,20-Oct-2011,2011.0,Unprovoked,USA,Oregon,"Newport, Lincoln County",Surfing
2011.10.11,11-Oct-2011,2011.0,Unprovoked,USA,Florida,Cape Canaveral,Surfing
2011.10.10,10-Oct-2011,2011.0,Unprovoked,USA,Oregon,Seaside,Surfing
2011.10.02,02-Oct-2011,2011.0,Unprovoked,USA,Florida,"Santa Maria Island, Manatee County",Wade fishing
2011.09.30,30-Sep-2011,2011.0,Invalid,USA,Puerto Rico,Hatillo Beach,Surfing
2011.09.24.b,24-Sep-2011,2011.0,Unprovoked,USA,Florida,"Santa Maria Island, Manatee County",Spearfishing
2011.09.24.a,24-Sep-2011,2011.0,Unprovoked,USA,South Carolina,"North Myrtle Beach, Horry County",Jumping in the waves
2011.09.20,20-Sep-2011,2011.0,Watercraft,USA,Hawaii,Kauai,Canoeing
2011.09.16,16-Sep-2011,2011.0,Unprovoked,USA,Florida,New Smyrna Beach,Surfing
2011.09.11.b,11-Sep-2011,2011.0,Unprovoked,USA,California,"Samoa Beach, Humboldt County",Surfing
2011.09.04.b,04-Sep-2011,2011.0,Unprovoked,USA,Hawaii,"Nimitz State Beach, Oahu",Surfing
2011.09.02,02-Sep-2011,2011.0,Unprovoked,USA,Florida,"New Smyrna Beach, Volusia County",Surfing
2011.08.31,31-Aug-2011,2011.0,Unprovoked,USA,Florida,Crescent Beach St. Johns County,Surfing
2011.08.28.a,28-Aug-2011,2011.0,Unprovoked,USA,Texas,"Grass Island, Aransas County",Wade Fishing
2011.08.24.b,24-Aug-2011 ,2011.0,Unprovoked,USA,North Carolina,"Buxton Beach, Dare County",Surfing
2011.08.17.c.,17-Aug-2011,2011.0,Unprovoked,USA,North Carolina,"Kure Beach, New Hanover County",Wading
2011.08.16.b,16-Aug--2011,2011.0,Unprovoked,USA,Puerto Rico, Vieques,Floating 
2011.08.15,15-Aug-2011,2011.0,Invalid,USA,South Carolina,"Myrtle Beach, Horry County",Playing in the surf
2011.08.11,11-Aug--2011,2011.0,Unprovoked,USA,North Carolina,Beaufort Inlet,Swimming
2011.07.25,25-Jul-2011,2011.0,Unprovoked,USA,New Jersey,"Egg Harbor, Atlantic County",Wade Fishing
2011.07.19,19-Jul-2011,2011.0,Unprovoked,USA,North Carolina,"Ocracoke Island, Hyde County",Boogie Boarding
2011.07.13.b,13-Jul-2011,2011.0,Unprovoked,USA,Texas,"South Padre Island, Cameron County",Surf fishing
2011.07.07.b,07-Jul-2011,2011.0,Unprovoked,USA,Texas,"Sunday Beach, Matagorda Island, Calhoun  County",Swimming
2011.07.07.a,07-Jul-2011,2011.0,Unprovoked,USA,Texas,"Mustang Island, Nueces County",Wade Fishing
2011.06.26,26-Jun-2008,2011.0,Unprovoked,USA,North Carolina,"North Topsail Beach, Onslow County",Playing in the surf
2011.06.24,24-Jun-2011,2011.0,Unprovoked,USA,California,"San Onofre State Beach, San Diego County",Surfing
2011.06.21,21-Jun-2011,2011.0,Unprovoked,USA,Florida,"Perdido Key, Escambia County",Jet skiing
2011.06.12,12-Jun-2011,2011.0,Unprovoked,USA,Florida,"Off Jupiter Inlet, Palm Beach County",Scuba diving
2011.06.06.b,06-Jun-2011,2011.0,Unprovoked,USA,California,"La Jolla, San Diego County",Spearfishing
2011.06.06.a,06-Jun-2011,2011.0,Unprovoked,USA,Florida,"New Smyrna Beach, Volusia County",Wading
2011.05.30,30-May-2011,2011.0,Unprovoked,USA,Texas,"Follett's Island, Brazoria County",Standing or boogie boardin
2011.05.25,25-May-2011,2011.0,Unprovoked,USA,Hawaii,"Lyman Beach, Kailua-Kona",Surfing
2011.05.22,22-May-2011,2011.0,Unprovoked,USA,Hawaii,"Lyman Beach, Kailua-Kona",Paddle boarding
2011.05.13.b,13-May-2011,2011.0,Unprovoked,USA,Florida,"Ponte Vedra Beach, St Johns County",Body surfing
2011.05.13.a,13-May-2011,2011.0,Unprovoked,USA,Florida,"Ormond Beach, Volusia County",Surfing
2011.05.10,10-May-2011,2011.0,Provoked,USA,Florida,Miami,Fishing 
2011.04.26,26-Apr-2011,2011.0,Unprovoked,USA,Florida,"Riviera Beach, Palm Beach County",Spearfishing
2011.04.22,22-Apr-2011,2011.0,Unprovoked,USA,Florida,"New Smyrna Beach, Volusia County",Surfing 
2011.03.29.R, 29-Mar-2011,2011.0,Provoked,USA,Texas,Matagorda Beach,"Standing, holding shark pup"
2010.12.26,26-Dec-2010,2010.0,Unprovoked,USA,Hawaii," Kahului, Maui",Body boarding
2010.12.11,11-Dec-2010,2010.0,Unprovoked,USA,Hawaii,"Tavares Bay, Maui",Surfing
2010.10.28,28-Oct-2010,2010.0,Unprovoked,USA,Oregon,Florence,Surfing
2010.10.23.b,23-Oct-2010,2010.0,Unprovoked,USA,Maine,"Burnt Cove near Eastport, Washington County",Scuba diving
2010.10.22,22-Oct-2010,2010.0,Unprovoked,USA,California,"Surf Beach, Vandenberg AFB, Santa Barbara County",Body boarding
2010.09.27,27-Sep-2010,2010.0,Unprovoked,USA,Oregon,Winchester Bay,Surfing
2010.09.24,24-Sep-2010,2010.0,Unprovoked,USA,Virginia,Sandridge Beach,Surfing
2010.09.07,07-Sep-2010,2010.0,Unprovoked,USA,Florida,"St. Augustine, St. John's County",Swimming
2010.09.04, 04-Sep-2010,2010.0,Unprovoked,USA,Florida,"New Smyrna Beach, Volusia County",Surfing
2010.09.03.b,03-Sep-2010,2010.0,Unprovoked,USA,Florida,"New Smyrna Beach, Volusia County",Surfing
2010.09.03.a,03-Sep-2010,2010.0,Unprovoked,USA,Florida,"New Smyrna Beach, Volusia County",Surfing
2010.08.18,18-Aug-2010,2010.0,Unprovoked,USA,Florida,Crescent Beach St. Johns County,Boogie Boarding
2010.08.14,14-Aug-2010,2010.0,Watercraft,USA,California,"Pigeon Point, San Mateo County",Kayak Fishing
2010.08.07.b,07-Aug-2010,2010.0,Unprovoked,USA,North Carolina,"Figure Eight Island, Wilmington, New Hanover County",Surfing
2010.08.05,05-Aug-2010,2010.0,Invalid,USA,Florida,"Bethune Beach, Volusia County",Swimming
2010.08.02.b,02-Aug-2010,2010.0,Watercraft,USA,California,"Near oil rig Hondo, 5 nm from Gaviota, Santa Barbara County",Kayaking
2010.08.02.a,02-Aug-2010,2010.0,Unprovoked,USA,Florida,"Micklers Landing, St. Johns County",Standing
2010.07.25,25-Jul-2010,2010.0,Unprovoked,USA,South Carolina,"Isle of Palms, Charleston County",Standing
2010.07.23,23-Jul-2010,2010.0,Unprovoked,USA,Florida,"Jacksonville Beach, Duval County",Surfing
2010.07.19,19-Jul-2010,2010.0,Unprovoked,USA,South Carolina,Myrtle Beach,Swimming
2010.07.17.b,17-Jul-2010,2010.0,Unprovoked,USA,North Carolina,"Wrightsville Beach, New Hanover County",Swimming
2010.07.17.a,17-Jul-2010,2010.0,Unprovoked,USA,Florida,New Smyrna Beach,Surfing
2010.07.16.a,16-Jul-2010,2010.0,Unprovoked,USA,Texas,Galveston,Fishing
2010.07.11,11-Jul-2010,2010.0,Provoked,USA,Florida,"Lauderdale-by-the-Sea, Broward County",Fishing
2010.07.03,03-Jul-2010,2010.0,Provoked,USA,New York,Off Long Island,Fishing
2010.07.02.b,02-Jul-2010,2010.0,Unprovoked,USA,California,"Pismo Beach, San Luis  Obispo County",Surfing
2010.07.02.a,02-Jul-2010,2010.0,Unprovoked,USA,California,"Dog Patch, San Onofre",Stand-Up Paddleboarding
2010.06.27,27-Jun-2010,2010.0,Unprovoked,USA,Texas,"Eight Mile Beach, Galveston",Surfing
2010.06.25.b,25-Jun-2010,2010.0,Unprovoked,USA,South Carolina,Fripp Island,Boogie Boarding
2010.06.25.a,25-Jun-2010,2010.0,Unprovoked,USA,North Carolina,"Topsail Island, Pender County",Swimming
2010.06.10,10-Jun-2010,2010.0,Unprovoked,USA,Florida,Jacksonville,Boogie Boarding
2010.06.00,Jun-2010,2010.0,Unprovoked,USA,Florida,"Ponte Vedra Beach, St Johns County",Surfing
2010.05.30,30-May-2010,2010.0,Provoked,USA,Florida,Off Tarpon Springs,Fishing
2010.05.01,01-May-2010,2010.0,Unprovoked,USA,Florida,New Smyrna Beach,Wading
2010.04.28,28-Apr-2010,2010.0,Provoked,USA,Florida,Hanalei Bay,Measuring sharks
2010.04.19,19-Apr-2010,2010.0,Unprovoked,USA,Hawaii,"Hanalei Bay, Kauai",Surfing
2010.02.06.a,06-Feb-2010,2010.0,Provoked,USA,Florida,Riviera Beach,Surf fishing / wading
2010.02.03,03-Feb-2010,2010.0,Unprovoked,USA,Florida,"Stuart, Martin County",Kite Boarding
2010.01.06,06-Jan-2010,2010.0,Unprovoked,USA,Florida,Elliot Key,Spearfishing
